Country,Category,DateTime,Value,Frequency,HistoricalDataSymbol,LastUpdate
Euro area,Current Account Services,1999-01-31T00:00:00,-1.4035,Monthly,EURCAS,2023-08-22T08:24:00
Euro area,Current Account Services,1999-02-28T00:00:00,-0.0725,Monthly,EURCAS,2023-08-22T08:24:00
Euro area,Current Account Services,1999-03-31T00:00:00,-0.6948,Monthly,EURCAS,2024-03-21T09:18:00
Euro area,Current Account Services,1999-04-30T00:00:00,0.8476,Monthly,EURCAS,2024-03-21T09:18:00
Euro area,Current Account Services,1999-05-31T00:00:00,1.7421,Monthly,EURCAS,2024-03-21T09:18:00
Euro area,Current Account Services,1999-06-30T00:00:00,1.2114,Monthly,EURCAS,2024-03-21T09:18:00
Euro area,Current Account Services,1999-07-31T00:00:00,0.3906,Monthly,EURCAS,2024-03-21T09:18:00
Euro area,Current Account Services,1999-08-31T00:00:00,0.8628,Monthly,EURCAS,2024-03-21T09:18:00
Euro area,Current Account Services,1999-09-30T00:00:00,0.4124,Monthly,EURCAS,2024-03-21T09:18:00
Euro area,Current Account Services,1999-10-31T00:00:00,0.9407,Monthly,EURCAS,2024-03-21T09:18:00
Euro area,Current Account Services,1999-11-30T00:00:00,-1.641,Monthly,EURCAS,2024-03-21T09:18:00
Euro area,Current Account Services,1999-12-31T00:00:00,-0.0625,Monthly,EURCAS,2024-03-21T09:18:00
Euro area,Current Account Services,2000-01-31T00:00:00,-1.534,Monthly,EURCAS,2024-03-21T09:18:00
Euro area,Current Account Services,2000-02-29T00:00:00,-0.749,Monthly,EURCAS,2024-03-21T09:18:00
Euro area,Current Account Services,2000-03-31T00:00:00,0.3998,Monthly,EURCAS,2024-03-21T09:18:00
Euro area,Current Account Services,2000-04-30T00:00:00,0.1131,Monthly,EURCAS,2024-03-21T09:18:00
Euro area,Current Account Services,2000-05-31T00:00:00,1.0227,Monthly,EURCAS,2024-03-21T09:18:00
Euro area,Current Account Services,2000-06-30T00:00:00,1.7381,Monthly,EURCAS,2024-03-21T09:18:00
Euro area,Current Account Services,2000-07-31T00:00:00,2.3073,Monthly,EURCAS,2024-03-21T09:18:00
Euro area,Current Account Services,2000-08-31T00:00:00,0.7648,Monthly,EURCAS,2024-03-21T09:18:00
Euro area,Current Account Services,2000-09-30T00:00:00,0.2157,Monthly,EURCAS,2024-03-21T09:18:00
Euro area,Current Account Services,2000-10-31T00:00:00,0.1997,Monthly,EURCAS,2024-03-21T09:18:00
Euro area,Current Account Services,2000-11-30T00:00:00,0.1918,Monthly,EURCAS,2024-03-21T09:18:00
Euro area,Current Account Services,2000-12-31T00:00:00,-0.7026,Monthly,EURCAS,2024-03-21T09:18:00
Euro area,Current Account Services,2001-01-31T00:00:00,-2.7406,Monthly,EURCAS,2024-03-21T09:18:00
Euro area,Current Account Services,2001-02-28T00:00:00,0.0904,Monthly,EURCAS,2024-03-21T09:18:00
Euro area,Current Account Services,2001-03-31T00:00:00,-1.0769,Monthly,EURCAS,2024-03-21T09:18:00
Euro area,Current Account Services,2001-04-30T00:00:00,1.2018,Monthly,EURCAS,2024-03-21T09:18:00
Euro area,Current Account Services,2001-05-31T00:00:00,2.5409,Monthly,EURCAS,2024-03-21T09:18:00
Euro area,Current Account Services,2001-06-30T00:00:00,2.3831,Monthly,EURCAS,2024-03-21T09:18:00
Euro area,Current Account Services,2001-07-31T00:00:00,2.8465,Monthly,EURCAS,2024-03-21T09:18:00
Euro area,Current Account Services,2001-08-31T00:00:00,1.0793,Monthly,EURCAS,2024-03-21T09:18:00
Euro area,Current Account Services,2001-09-30T00:00:00,1.2928,Monthly,EURCAS,2024-03-21T09:18:00
Euro area,Current Account Services,2001-10-31T00:00:00,0.9517,Monthly,EURCAS,2024-03-21T09:18:00
Euro area,Current Account Services,2001-11-30T00:00:00,-0.8586,Monthly,EURCAS,2024-03-21T09:18:00
Euro area,Current Account Services,2001-12-31T00:00:00,3.2551,Monthly,EURCAS,2024-03-21T09:18:00
Euro area,Current Account Services,2002-01-31T00:00:00,-0.3543,Monthly,EURCAS,2024-03-21T09:18:00
Euro area,Current Account Services,2002-02-28T00:00:00,0.8626,Monthly,EURCAS,2024-03-21T09:18:00
Euro area,Current Account Services,2002-03-31T00:00:00,0.984,Monthly,EURCAS,2024-03-21T09:18:00
Euro area,Current Account Services,2002-04-30T00:00:00,2.3065,Monthly,EURCAS,2024-03-21T09:18:00
Euro area,Current Account Services,2002-05-31T00:00:00,3.0776,Monthly,EURCAS,2024-03-21T09:18:00
Euro area,Current Account Services,2002-06-30T00:00:00,4.3249,Monthly,EURCAS,2024-03-21T09:18:00
Euro area,Current Account Services,2002-07-31T00:00:00,3.5437,Monthly,EURCAS,2024-03-21T09:18:00
Euro area,Current Account Services,2002-08-31T00:00:00,2.4849,Monthly,EURCAS,2024-03-21T09:18:00
Euro area,Current Account Services,2002-09-30T00:00:00,6.8133,Monthly,EURCAS,2024-03-21T09:18:00
Euro area,Current Account Services,2002-10-31T00:00:00,3.7553,Monthly,EURCAS,2024-03-21T09:18:00
Euro area,Current Account Services,2002-11-30T00:00:00,4.7146,Monthly,EURCAS,2024-03-21T09:18:00
Euro area,Current Account Services,2002-12-31T00:00:00,4.7557,Monthly,EURCAS,2024-03-21T09:18:00
Euro area,Current Account Services,2003-01-31T00:00:00,1.5294,Monthly,EURCAS,2024-03-21T09:18:00
Euro area,Current Account Services,2003-02-28T00:00:00,0.7098,Monthly,EURCAS,2024-03-21T09:18:00
Euro area,Current Account Services,2003-03-31T00:00:00,2.7435,Monthly,EURCAS,2024-03-21T09:18:00
Euro area,Current Account Services,2003-04-30T00:00:00,3.7002,Monthly,EURCAS,2024-03-21T09:18:00
Euro area,Current Account Services,2003-05-31T00:00:00,4.6349,Monthly,EURCAS,2024-03-21T09:18:00
Euro area,Current Account Services,2003-06-30T00:00:00,6.1347,Monthly,EURCAS,2024-03-21T09:18:00
Euro area,Current Account Services,2003-07-31T00:00:00,4.5913,Monthly,EURCAS,2024-03-21T09:18:00
Euro area,Current Account Services,2003-08-31T00:00:00,3.3641,Monthly,EURCAS,2024-03-21T09:18:00
Euro area,Current Account Services,2003-09-30T00:00:00,5.7523,Monthly,EURCAS,2024-03-21T09:18:00
Euro area,Current Account Services,2003-10-31T00:00:00,6.6327,Monthly,EURCAS,2024-03-21T09:18:00
Euro area,Current Account Services,2003-11-30T00:00:00,5.0637,Monthly,EURCAS,2024-03-21T09:18:00
Euro area,Current Account Services,2003-12-31T00:00:00,6.4652,Monthly,EURCAS,2024-03-21T09:18:00
Euro area,Current Account Services,2004-01-31T00:00:00,1.6287,Monthly,EURCAS,2024-03-21T09:18:00
Euro area,Current Account Services,2004-02-29T00:00:00,1.4873,Monthly,EURCAS,2024-03-21T09:18:00
Euro area,Current Account Services,2004-03-31T00:00:00,1.8428,Monthly,EURCAS,2024-03-21T09:18:00
Euro area,Current Account Services,2004-04-30T00:00:00,1.9639,Monthly,EURCAS,2024-03-21T09:18:00
Euro area,Current Account Services,2004-05-31T00:00:00,4.2296,Monthly,EURCAS,2024-03-21T09:18:00
Euro area,Current Account Services,2004-06-30T00:00:00,5.7435,Monthly,EURCAS,2024-03-21T09:18:00
Euro area,Current Account Services,2004-07-31T00:00:00,4.7904,Monthly,EURCAS,2024-03-21T09:18:00
Euro area,Current Account Services,2004-08-31T00:00:00,4.2622,Monthly,EURCAS,2024-03-21T09:18:00
Euro area,Current Account Services,2004-09-30T00:00:00,6.9647,Monthly,EURCAS,2024-03-21T09:18:00
Euro area,Current Account Services,2004-10-31T00:00:00,6.214,Monthly,EURCAS,2024-03-21T09:18:00
Euro area,Current Account Services,2004-11-30T00:00:00,2.7215,Monthly,EURCAS,2024-03-21T09:18:00
Euro area,Current Account Services,2004-12-31T00:00:00,3.5129,Monthly,EURCAS,2024-03-21T09:18:00
Euro area,Current Account Services,2005-01-31T00:00:00,1.8445,Monthly,EURCAS,2024-03-21T09:18:00
Euro area,Current Account Services,2005-02-28T00:00:00,0.1035,Monthly,EURCAS,2024-03-21T09:18:00
Euro area,Current Account Services,2005-03-31T00:00:00,0.3874,Monthly,EURCAS,2024-03-21T09:18:00
Euro area,Current Account Services,2005-04-30T00:00:00,2.3512,Monthly,EURCAS,2024-03-21T09:18:00
Euro area,Current Account Services,2005-05-31T00:00:00,3.9635,Monthly,EURCAS,2024-03-21T09:18:00
Euro area,Current Account Services,2005-06-30T00:00:00,5.7819,Monthly,EURCAS,2024-03-21T09:18:00
Euro area,Current Account Services,2005-07-31T00:00:00,5.1767,Monthly,EURCAS,2024-03-21T09:18:00
Euro area,Current Account Services,2005-08-31T00:00:00,3.6799,Monthly,EURCAS,2024-03-21T09:18:00
Euro area,Current Account Services,2005-09-30T00:00:00,6.058,Monthly,EURCAS,2024-03-21T09:18:00
Euro area,Current Account Services,2005-10-31T00:00:00,6.9798,Monthly,EURCAS,2024-03-21T09:18:00
Euro area,Current Account Services,2005-11-30T00:00:00,5.753,Monthly,EURCAS,2024-03-21T09:18:00
Euro area,Current Account Services,2005-12-31T00:00:00,5.2579,Monthly,EURCAS,2024-03-21T09:18:00
Euro area,Current Account Services,2006-01-31T00:00:00,1.994,Monthly,EURCAS,2024-03-21T09:18:00
Euro area,Current Account Services,2006-02-28T00:00:00,1.6562,Monthly,EURCAS,2024-03-21T09:18:00
Euro area,Current Account Services,2006-03-31T00:00:00,1.2141,Monthly,EURCAS,2024-03-21T09:18:00
Euro area,Current Account Services,2006-04-30T00:00:00,3.8302,Monthly,EURCAS,2024-03-21T09:18:00
Euro area,Current Account Services,2006-05-31T00:00:00,5.6093,Monthly,EURCAS,2024-03-21T09:18:00
Euro area,Current Account Services,2006-06-30T00:00:00,6.305,Monthly,EURCAS,2024-03-21T09:18:00
Euro area,Current Account Services,2006-07-31T00:00:00,5.7059,Monthly,EURCAS,2024-03-21T09:18:00
Euro area,Current Account Services,2006-08-31T00:00:00,3.7453,Monthly,EURCAS,2024-03-21T09:18:00
Euro area,Current Account Services,2006-09-30T00:00:00,5.1867,Monthly,EURCAS,2024-03-21T09:18:00
Euro area,Current Account Services,2006-10-31T00:00:00,3.3427,Monthly,EURCAS,2024-03-21T09:18:00
Euro area,Current Account Services,2006-11-30T00:00:00,2.912,Monthly,EURCAS,2024-03-21T09:18:00
Euro area,Current Account Services,2006-12-31T00:00:00,4.4932,Monthly,EURCAS,2024-03-21T09:18:00
Euro area,Current Account Services,2007-01-31T00:00:00,1.0455,Monthly,EURCAS,2024-03-21T09:18:00
Euro area,Current Account Services,2007-02-28T00:00:00,2.596,Monthly,EURCAS,2024-03-21T09:18:00
Euro area,Current Account Services,2007-03-31T00:00:00,2.7721,Monthly,EURCAS,2024-03-21T09:18:00
Euro area,Current Account Services,2007-04-30T00:00:00,3.6232,Monthly,EURCAS,2024-03-21T09:18:00
Euro area,Current Account Services,2007-05-31T00:00:00,3.9724,Monthly,EURCAS,2024-03-21T09:18:00
Euro area,Current Account Services,2007-06-30T00:00:00,5.8832,Monthly,EURCAS,2024-03-21T09:18:00
Euro area,Current Account Services,2007-07-31T00:00:00,5.638,Monthly,EURCAS,2024-03-21T09:18:00
Euro area,Current Account Services,2007-08-31T00:00:00,4.4655,Monthly,EURCAS,2024-03-21T09:18:00
Euro area,Current Account Services,2007-09-30T00:00:00,6.8984,Monthly,EURCAS,2024-03-21T09:18:00
Euro area,Current Account Services,2007-10-31T00:00:00,4.7078,Monthly,EURCAS,2024-03-21T09:18:00
Euro area,Current Account Services,2007-11-30T00:00:00,3.7547,Monthly,EURCAS,2024-03-21T09:18:00
Euro area,Current Account Services,2007-12-31T00:00:00,4.8666,Monthly,EURCAS,2024-03-21T09:18:00
Euro area,Current Account Services,2008-01-31T00:00:00,0.6477,Monthly,EURCAS,2024-03-21T09:18:00
Euro area,Current Account Services,2008-02-29T00:00:00,1.556,Monthly,EURCAS,2024-03-21T09:18:00
Euro area,Current Account Services,2008-03-31T00:00:00,1.0502,Monthly,EURCAS,2024-03-21T09:18:00
Euro area,Current Account Services,2008-04-30T00:00:00,2.0556,Monthly,EURCAS,2024-03-21T09:18:00
Euro area,Current Account Services,2008-05-31T00:00:00,4.5364,Monthly,EURCAS,2024-03-21T09:18:00
Euro area,Current Account Services,2008-06-30T00:00:00,5.047,Monthly,EURCAS,2024-03-21T09:18:00
Euro area,Current Account Services,2008-07-31T00:00:00,4.826,Monthly,EURCAS,2024-03-21T09:18:00
Euro area,Current Account Services,2008-08-31T00:00:00,3.5015,Monthly,EURCAS,2024-03-21T09:18:00
Euro area,Current Account Services,2008-09-30T00:00:00,4.4068,Monthly,EURCAS,2024-03-21T09:18:00
Euro area,Current Account Services,2008-10-31T00:00:00,2.4457,Monthly,EURCAS,2024-03-21T09:18:00
Euro area,Current Account Services,2008-11-30T00:00:00,1.465,Monthly,EURCAS,2024-03-21T09:18:00
Euro area,Current Account Services,2008-12-31T00:00:00,4.7561,Monthly,EURCAS,2024-03-21T09:18:00
Euro area,Current Account Services,2009-01-31T00:00:00,0.7286,Monthly,EURCAS,2024-03-21T09:18:00
Euro area,Current Account Services,2009-02-28T00:00:00,2.287,Monthly,EURCAS,2024-03-21T09:18:00
Euro area,Current Account Services,2009-03-31T00:00:00,1.4461,Monthly,EURCAS,2024-03-21T09:18:00
Euro area,Current Account Services,2009-04-30T00:00:00,2.8173,Monthly,EURCAS,2024-03-21T09:18:00
Euro area,Current Account Services,2009-05-31T00:00:00,3.9197,Monthly,EURCAS,2024-03-21T09:18:00
Euro area,Current Account Services,2009-06-30T00:00:00,3.6903,Monthly,EURCAS,2024-03-21T09:18:00
Euro area,Current Account Services,2009-07-31T00:00:00,4.7515,Monthly,EURCAS,2024-03-21T09:18:00
Euro area,Current Account Services,2009-08-31T00:00:00,3.4527,Monthly,EURCAS,2023-01-20T10:52:00
Euro area,Current Account Services,2009-09-30T00:00:00,4.1284,Monthly,EURCAS,2024-03-21T09:18:00
Euro area,Current Account Services,2009-10-31T00:00:00,2.0477,Monthly,EURCAS,2024-03-21T09:18:00
Euro area,Current Account Services,2009-11-30T00:00:00,1.4553,Monthly,EURCAS,2024-03-21T09:18:00
Euro area,Current Account Services,2009-12-31T00:00:00,5.2618,Monthly,EURCAS,2024-03-21T09:18:00
Euro area,Current Account Services,2010-01-31T00:00:00,1.6235,Monthly,EURCAS,2024-03-21T09:18:00
Euro area,Current Account Services,2010-02-28T00:00:00,1.7601,Monthly,EURCAS,2024-03-21T09:18:00
Euro area,Current Account Services,2010-03-31T00:00:00,2.1747,Monthly,EURCAS,2024-03-21T09:18:00
Euro area,Current Account Services,2010-04-30T00:00:00,4.1505,Monthly,EURCAS,2024-03-21T09:18:00
Euro area,Current Account Services,2010-05-31T00:00:00,4.666,Monthly,EURCAS,2024-03-21T09:18:00
Euro area,Current Account Services,2010-06-30T00:00:00,4.3097,Monthly,EURCAS,2024-03-21T09:18:00
Euro area,Current Account Services,2010-07-31T00:00:00,5.1507,Monthly,EURCAS,2024-03-21T09:18:00
Euro area,Current Account Services,2010-08-31T00:00:00,4.4341,Monthly,EURCAS,2024-03-21T09:18:00
Euro area,Current Account Services,2010-09-30T00:00:00,5.4927,Monthly,EURCAS,2024-03-21T09:18:00
Euro area,Current Account Services,2010-10-31T00:00:00,2.4579,Monthly,EURCAS,2024-03-21T09:18:00
Euro area,Current Account Services,2010-11-30T00:00:00,2.0205,Monthly,EURCAS,2024-03-21T09:18:00
Euro area,Current Account Services,2010-12-31T00:00:00,4.3525,Monthly,EURCAS,2024-03-21T09:18:00
Euro area,Current Account Services,2011-01-31T00:00:00,1.1361,Monthly,EURCAS,2024-03-21T09:18:00
Euro area,Current Account Services,2011-02-28T00:00:00,0.755,Monthly,EURCAS,2024-03-21T09:18:00
Euro area,Current Account Services,2011-03-31T00:00:00,1.1767,Monthly,EURCAS,2024-03-21T09:18:00
Euro area,Current Account Services,2011-04-30T00:00:00,3.9956,Monthly,EURCAS,2024-03-21T09:18:00
Euro area,Current Account Services,2011-05-31T00:00:00,6.2111,Monthly,EURCAS,2024-03-21T09:18:00
Euro area,Current Account Services,2011-06-30T00:00:00,6.1861,Monthly,EURCAS,2024-03-21T09:18:00
Euro area,Current Account Services,2011-07-31T00:00:00,6.6084,Monthly,EURCAS,2023-01-20T10:52:00
Euro area,Current Account Services,2011-08-31T00:00:00,4.3275,Monthly,EURCAS,2024-03-21T09:18:00
Euro area,Current Account Services,2011-09-30T00:00:00,7.0488,Monthly,EURCAS,2024-03-21T09:18:00
Euro area,Current Account Services,2011-10-31T00:00:00,4.6087,Monthly,EURCAS,2024-03-21T09:18:00
Euro area,Current Account Services,2011-11-30T00:00:00,3.5631,Monthly,EURCAS,2024-03-21T09:18:00
Euro area,Current Account Services,2011-12-31T00:00:00,6.7522,Monthly,EURCAS,2024-03-21T09:18:00
Euro area,Current Account Services,2012-01-31T00:00:00,2.5711,Monthly,EURCAS,2024-03-21T09:18:00
Euro area,Current Account Services,2012-02-29T00:00:00,3.602,Monthly,EURCAS,2024-03-21T09:18:00
Euro area,Current Account Services,2012-03-31T00:00:00,4.8152,Monthly,EURCAS,2024-03-21T09:18:00
Euro area,Current Account Services,2012-04-30T00:00:00,6.3887,Monthly,EURCAS,2024-03-21T09:18:00
Euro area,Current Account Services,2012-05-31T00:00:00,7.1024,Monthly,EURCAS,2024-03-21T09:18:00
Euro area,Current Account Services,2012-06-30T00:00:00,7.7705,Monthly,EURCAS,2024-03-21T09:18:00
Euro area,Current Account Services,2012-07-31T00:00:00,8.2877,Monthly,EURCAS,2024-03-21T09:18:00
Euro area,Current Account Services,2012-08-31T00:00:00,6.6137,Monthly,EURCAS,2024-03-21T09:18:00
Euro area,Current Account Services,2012-09-30T00:00:00,8.1826,Monthly,EURCAS,2024-03-21T09:18:00
Euro area,Current Account Services,2012-10-31T00:00:00,5.6073,Monthly,EURCAS,2024-03-21T09:18:00
Euro area,Current Account Services,2012-11-30T00:00:00,3.7573,Monthly,EURCAS,2024-03-21T09:18:00
Euro area,Current Account Services,2012-12-31T00:00:00,8.6379,Monthly,EURCAS,2024-03-21T09:18:00
Euro area,Current Account Services,2013-01-31T00:00:00,3.13,Monthly,EURCAS,2024-04-18T09:11:00
Euro area,Current Account Services,2013-02-28T00:00:00,3.22,Monthly,EURCAS,2024-04-18T09:11:00
Euro area,Current Account Services,2013-03-31T00:00:00,3.91,Monthly,EURCAS,2024-04-18T09:11:00
Euro area,Current Account Services,2013-04-30T00:00:00,5.85,Monthly,EURCAS,2024-04-18T09:11:00
Euro area,Current Account Services,2013-05-31T00:00:00,7.52,Monthly,EURCAS,2024-04-18T09:11:00
Euro area,Current Account Services,2013-06-30T00:00:00,10.54,Monthly,EURCAS,2024-04-18T09:11:00
Euro area,Current Account Services,2013-07-31T00:00:00,11.59,Monthly,EURCAS,2024-04-18T09:11:00
Euro area,Current Account Services,2013-08-31T00:00:00,7.73,Monthly,EURCAS,2024-04-18T09:11:00
Euro area,Current Account Services,2013-09-30T00:00:00,11.66,Monthly,EURCAS,2024-04-18T09:11:00
Euro area,Current Account Services,2013-10-31T00:00:00,6.01,Monthly,EURCAS,2024-04-18T09:11:00
Euro area,Current Account Services,2013-11-30T00:00:00,6.2,Monthly,EURCAS,2024-04-18T09:11:00
Euro area,Current Account Services,2013-12-31T00:00:00,9.95,Monthly,EURCAS,2024-04-18T09:11:00
Euro area,Current Account Services,2014-01-31T00:00:00,5.4,Monthly,EURCAS,2024-04-18T09:11:00
Euro area,Current Account Services,2014-02-28T00:00:00,4.15,Monthly,EURCAS,2024-04-18T09:11:00
Euro area,Current Account Services,2014-03-31T00:00:00,5.97,Monthly,EURCAS,2024-04-18T09:11:00
Euro area,Current Account Services,2014-04-30T00:00:00,7.01,Monthly,EURCAS,2024-04-18T09:11:00
Euro area,Current Account Services,2014-05-31T00:00:00,9.39,Monthly,EURCAS,2024-04-18T09:11:00
Euro area,Current Account Services,2014-06-30T00:00:00,10.9,Monthly,EURCAS,2024-04-18T09:11:00
Euro area,Current Account Services,2014-07-31T00:00:00,13.17,Monthly,EURCAS,2024-04-18T09:11:00
Euro area,Current Account Services,2014-08-31T00:00:00,9.76,Monthly,EURCAS,2024-04-18T09:11:00
Euro area,Current Account Services,2014-09-30T00:00:00,11.5,Monthly,EURCAS,2024-04-18T09:11:00
Euro area,Current Account Services,2014-10-31T00:00:00,7.14,Monthly,EURCAS,2024-04-18T09:11:00
Euro area,Current Account Services,2014-11-30T00:00:00,5.19,Monthly,EURCAS,2024-04-18T09:11:00
Euro area,Current Account Services,2014-12-31T00:00:00,7.08,Monthly,EURCAS,2024-04-18T09:11:00
Euro area,Current Account Services,2015-01-31T00:00:00,12.35,Monthly,EURCAS,2024-04-18T09:11:00
Euro area,Current Account Services,2015-02-28T00:00:00,4.23,Monthly,EURCAS,2024-04-18T09:11:00
Euro area,Current Account Services,2015-03-31T00:00:00,4.52,Monthly,EURCAS,2024-04-18T09:11:00
Euro area,Current Account Services,2015-04-30T00:00:00,6.37,Monthly,EURCAS,2024-04-18T09:11:00
Euro area,Current Account Services,2015-05-31T00:00:00,9.28,Monthly,EURCAS,2024-04-18T09:11:00
Euro area,Current Account Services,2015-06-30T00:00:00,-16.22,Monthly,EURCAS,2024-04-18T09:11:00
Euro area,Current Account Services,2015-07-31T00:00:00,12.2,Monthly,EURCAS,2024-04-18T09:11:00
Euro area,Current Account Services,2015-08-31T00:00:00,8.56,Monthly,EURCAS,2024-04-18T09:11:00
Euro area,Current Account Services,2015-09-30T00:00:00,10.71,Monthly,EURCAS,2024-04-18T09:11:00
Euro area,Current Account Services,2015-10-31T00:00:00,2.45,Monthly,EURCAS,2024-04-18T09:11:00
Euro area,Current Account Services,2015-11-30T00:00:00,3.05,Monthly,EURCAS,2024-04-18T09:11:00
Euro area,Current Account Services,2015-12-31T00:00:00,5.46,Monthly,EURCAS,2024-04-18T09:11:00
Euro area,Current Account Services,2016-01-31T00:00:00,1.27,Monthly,EURCAS,2024-04-18T09:11:00
Euro area,Current Account Services,2016-02-29T00:00:00,1.86,Monthly,EURCAS,2024-04-18T09:11:00
Euro area,Current Account Services,2016-03-31T00:00:00,4.37,Monthly,EURCAS,2024-04-18T09:11:00
Euro area,Current Account Services,2016-04-30T00:00:00,3.54,Monthly,EURCAS,2024-04-18T09:11:00
Euro area,Current Account Services,2016-05-31T00:00:00,6.32,Monthly,EURCAS,2024-04-18T09:11:00
Euro area,Current Account Services,2016-06-30T00:00:00,8.31,Monthly,EURCAS,2024-04-18T09:11:00
Euro area,Current Account Services,2016-07-31T00:00:00,9.34,Monthly,EURCAS,2024-04-18T09:11:00
Euro area,Current Account Services,2016-08-31T00:00:00,6.85,Monthly,EURCAS,2024-04-18T09:11:00
Euro area,Current Account Services,2016-09-30T00:00:00,8.83,Monthly,EURCAS,2024-04-18T09:11:00
Euro area,Current Account Services,2016-10-31T00:00:00,2.96,Monthly,EURCAS,2024-04-18T09:11:00
Euro area,Current Account Services,2016-11-30T00:00:00,-1.13,Monthly,EURCAS,2024-04-18T09:11:00
Euro area,Current Account Services,2016-12-31T00:00:00,1.69,Monthly,EURCAS,2024-04-18T09:11:00
Euro area,Current Account Services,2017-01-31T00:00:00,2.74,Monthly,EURCAS,2024-04-18T09:11:00
Euro area,Current Account Services,2017-02-28T00:00:00,7.84,Monthly,EURCAS,2024-04-18T09:11:00
Euro area,Current Account Services,2017-03-31T00:00:00,11.25,Monthly,EURCAS,2024-04-18T09:11:00
Euro area,Current Account Services,2017-04-30T00:00:00,-0.77,Monthly,EURCAS,2024-04-18T09:11:00
Euro area,Current Account Services,2017-05-31T00:00:00,-0.75,Monthly,EURCAS,2024-04-18T09:11:00
Euro area,Current Account Services,2017-06-30T00:00:00,3.07,Monthly,EURCAS,2024-04-18T09:11:00
Euro area,Current Account Services,2017-07-31T00:00:00,15.88,Monthly,EURCAS,2024-04-18T09:11:00
Euro area,Current Account Services,2017-08-31T00:00:00,14.05,Monthly,EURCAS,2024-04-18T09:11:00
Euro area,Current Account Services,2017-09-30T00:00:00,16.29,Monthly,EURCAS,2024-04-18T09:11:00
Euro area,Current Account Services,2017-10-31T00:00:00,10.9,Monthly,EURCAS,2024-04-18T09:11:00
Euro area,Current Account Services,2017-11-30T00:00:00,7.16,Monthly,EURCAS,2024-04-18T09:11:00
Euro area,Current Account Services,2017-12-31T00:00:00,13.36,Monthly,EURCAS,2024-04-18T09:11:00
Euro area,Current Account Services,2018-01-31T00:00:00,8.57,Monthly,EURCAS,2024-04-18T09:11:00
Euro area,Current Account Services,2018-02-28T00:00:00,9.4,Monthly,EURCAS,2024-04-18T09:11:00
Euro area,Current Account Services,2018-03-31T00:00:00,11.29,Monthly,EURCAS,2024-04-18T09:11:00
Euro area,Current Account Services,2018-04-30T00:00:00,11.69,Monthly,EURCAS,2024-04-18T09:11:00
Euro area,Current Account Services,2018-05-31T00:00:00,12.66,Monthly,EURCAS,2024-04-18T09:11:00
Euro area,Current Account Services,2018-06-30T00:00:00,16.67,Monthly,EURCAS,2024-04-18T09:11:00
Euro area,Current Account Services,2018-07-31T00:00:00,16.4,Monthly,EURCAS,2024-04-18T09:11:00
Euro area,Current Account Services,2018-08-31T00:00:00,15.49,Monthly,EURCAS,2024-04-18T09:11:00
Euro area,Current Account Services,2018-09-30T00:00:00,16.15,Monthly,EURCAS,2024-04-18T09:11:00
Euro area,Current Account Services,2018-10-31T00:00:00,5.11,Monthly,EURCAS,2024-04-18T09:11:00
Euro area,Current Account Services,2018-11-30T00:00:00,1.98,Monthly,EURCAS,2024-04-18T09:11:00
Euro area,Current Account Services,2018-12-31T00:00:00,8.59,Monthly,EURCAS,2024-04-18T09:11:00
Euro area,Current Account Services,2019-01-31T00:00:00,7.44,Monthly,EURCAS,2024-04-18T09:11:00
Euro area,Current Account Services,2019-02-28T00:00:00,10,Monthly,EURCAS,2024-04-18T09:11:00
Euro area,Current Account Services,2019-03-31T00:00:00,12.08,Monthly,EURCAS,2024-04-18T09:11:00
Euro area,Current Account Services,2019-04-30T00:00:00,-0.74,Monthly,EURCAS,2024-04-18T09:11:00
Euro area,Current Account Services,2019-05-31T00:00:00,0.94,Monthly,EURCAS,2024-04-18T09:11:00
Euro area,Current Account Services,2019-06-30T00:00:00,2.48,Monthly,EURCAS,2024-04-18T09:11:00
Euro area,Current Account Services,2019-07-31T00:00:00,13.37,Monthly,EURCAS,2024-04-18T09:11:00
Euro area,Current Account Services,2019-08-31T00:00:00,17.37,Monthly,EURCAS,2024-04-18T09:11:00
Euro area,Current Account Services,2019-09-30T00:00:00,22.78,Monthly,EURCAS,2024-04-18T09:11:00
Euro area,Current Account Services,2019-10-31T00:00:00,-7.92,Monthly,EURCAS,2024-04-18T09:11:00
Euro area,Current Account Services,2019-11-30T00:00:00,-12.32,Monthly,EURCAS,2024-03-21T09:18:00
Euro area,Current Account Services,2019-12-31T00:00:00,-11.05,Monthly,EURCAS,2024-04-18T09:11:00
Euro area,Current Account Services,2020-01-31T00:00:00,-14.39,Monthly,EURCAS,2024-04-18T09:11:00
Euro area,Current Account Services,2020-02-29T00:00:00,-16.7,Monthly,EURCAS,2024-04-18T09:11:00
Euro area,Current Account Services,2020-03-31T00:00:00,-16.16,Monthly,EURCAS,2024-04-18T09:11:00
Euro area,Current Account Services,2020-04-30T00:00:00,3.17,Monthly,EURCAS,2024-04-18T09:11:00
Euro area,Current Account Services,2020-05-31T00:00:00,5.46,Monthly,EURCAS,2024-04-18T09:11:00
Euro area,Current Account Services,2020-06-30T00:00:00,4.24,Monthly,EURCAS,2024-04-18T09:11:00
Euro area,Current Account Services,2020-07-31T00:00:00,5.29,Monthly,EURCAS,2024-04-18T09:11:00
Euro area,Current Account Services,2020-08-31T00:00:00,3.6,Monthly,EURCAS,2024-04-18T09:11:00
Euro area,Current Account Services,2020-09-30T00:00:00,9.61,Monthly,EURCAS,2024-04-18T09:11:00
Euro area,Current Account Services,2020-10-31T00:00:00,1.82,Monthly,EURCAS,2024-04-18T09:11:00
Euro area,Current Account Services,2020-11-30T00:00:00,0.85,Monthly,EURCAS,2024-04-18T09:11:00
Euro area,Current Account Services,2020-12-31T00:00:00,3.59,Monthly,EURCAS,2024-04-18T09:11:00
Euro area,Current Account Services,2021-01-31T00:00:00,6.37,Monthly,EURCAS,2024-04-18T09:11:00
Euro area,Current Account Services,2021-02-28T00:00:00,4.19,Monthly,EURCAS,2024-04-18T09:11:00
Euro area,Current Account Services,2021-03-31T00:00:00,6.09,Monthly,EURCAS,2024-04-18T09:11:00
Euro area,Current Account Services,2021-04-30T00:00:00,9.76,Monthly,EURCAS,2024-04-18T09:11:00
Euro area,Current Account Services,2021-05-31T00:00:00,7.12,Monthly,EURCAS,2024-04-18T09:11:00
Euro area,Current Account Services,2021-06-30T00:00:00,10.35,Monthly,EURCAS,2024-04-18T09:11:00
Euro area,Current Account Services,2021-07-31T00:00:00,13.16,Monthly,EURCAS,2024-04-18T09:11:00
Euro area,Current Account Services,2021-08-31T00:00:00,7.77,Monthly,EURCAS,2024-04-18T09:11:00
Euro area,Current Account Services,2021-09-30T00:00:00,17.45,Monthly,EURCAS,2024-04-18T09:11:00
Euro area,Current Account Services,2021-10-31T00:00:00,5.83,Monthly,EURCAS,2024-04-18T09:11:00
Euro area,Current Account Services,2021-11-30T00:00:00,6.96,Monthly,EURCAS,2024-04-18T09:11:00
Euro area,Current Account Services,2021-12-31T00:00:00,8.02,Monthly,EURCAS,2024-04-18T09:11:00
Euro area,Current Account Services,2022-01-31T00:00:00,12.36,Monthly,EURCAS,2024-04-18T09:11:00
Euro area,Current Account Services,2022-02-28T00:00:00,7.89,Monthly,EURCAS,2024-04-18T09:11:00
Euro area,Current Account Services,2022-03-31T00:00:00,12.42,Monthly,EURCAS,2024-04-18T09:11:00
Euro area,Current Account Services,2022-04-30T00:00:00,12.34,Monthly,EURCAS,2024-04-18T09:11:00
Euro area,Current Account Services,2022-05-31T00:00:00,14.14,Monthly,EURCAS,2024-04-18T09:11:00
Euro area,Current Account Services,2022-06-30T00:00:00,19.17,Monthly,EURCAS,2024-04-18T09:11:00
Euro area,Current Account Services,2022-07-31T00:00:00,16.55,Monthly,EURCAS,2024-04-18T09:11:00
Euro area,Current Account Services,2022-08-31T00:00:00,12.97,Monthly,EURCAS,2024-04-18T09:11:00
Euro area,Current Account Services,2022-09-30T00:00:00,14.33,Monthly,EURCAS,2024-04-18T09:11:00
Euro area,Current Account Services,2022-10-31T00:00:00,7.7,Monthly,EURCAS,2024-04-18T09:11:00
Euro area,Current Account Services,2022-11-30T00:00:00,7.92,Monthly,EURCAS,2024-04-18T09:11:00
Euro area,Current Account Services,2022-12-31T00:00:00,10.12,Monthly,EURCAS,2024-04-18T09:11:00
Euro area,Current Account Services,2023-01-31T00:00:00,6.91,Monthly,EURCAS,2024-04-18T09:11:00
Euro area,Current Account Services,2023-02-28T00:00:00,4.61,Monthly,EURCAS,2024-04-18T09:11:00
Euro area,Current Account Services,2023-03-31T00:00:00,1.78,Monthly,EURCAS,2024-04-18T09:11:00
Euro area,Current Account Services,2023-04-30T00:00:00,10.92,Monthly,EURCAS,2024-04-18T09:11:00
Euro area,Current Account Services,2023-05-31T00:00:00,13.66,Monthly,EURCAS,2024-04-18T09:11:00
Euro area,Current Account Services,2023-06-30T00:00:00,16.46,Monthly,EURCAS,2024-04-18T09:11:00
Euro area,Current Account Services,2023-07-31T00:00:00,18.71,Monthly,EURCAS,2024-04-18T09:11:00
Euro area,Current Account Services,2023-08-31T00:00:00,13.72,Monthly,EURCAS,2024-04-18T09:11:00
Euro area,Current Account Services,2023-09-30T00:00:00,16.21,Monthly,EURCAS,2024-04-18T09:11:00
Euro area,Current Account Services,2023-10-31T00:00:00,7.27,Monthly,EURCAS,2024-04-18T09:11:00
Euro area,Current Account Services,2023-11-30T00:00:00,4.29,Monthly,EURCAS,2024-04-18T09:11:00
Euro area,Current Account Services,2023-12-31T00:00:00,7.98,Monthly,EURCAS,2024-04-18T09:11:00
Euro area,Current Account Services,2024-01-31T00:00:00,2.08,Monthly,EURCAS,2024-04-18T09:11:00
Euro area,Current Account Services,2024-02-29T00:00:00,2.14,Monthly,EURCAS,2024-04-18T09:11:00
